jamoros|password|jamoros@ycp.edu|STUDENT|Joshua|Amoros|CS|SOPHOMORE
jbady|password|jbady@ycp.edu|STUDENT|Jason|Bady|CE|SOPHOMORE
tclark22|password|tclark22@ycp.edu|STUDENT|Terrell|Clark|CS|SOPHOMORE
jdebose|password|jdebose@ycp.edu|STUDENT|Joshua|DeBose|CS|SOPHOMORE
fdiaz|password|fdiaz@ycp.edu|STUDENT|Felix|Diaz|CE|SENIOR
dglispy|password|dglispy@ycp.edu|STUDENT|Devin|Glispy|CS|SOPHOMORE
dhartma9|password|dhartma9@ycp.edu|STUDENT|David|Hartman|EE|JUNIOR
lharri11|password|lharri11@ycp.edu|STUDENT|Logan|Harris|CS|JUNIOR
jhofmann1|password|jhofmann1@ycp.edu|STUDENT|Jackson|Hofmann|UN|SOPHOMORE
jhopkins1|password|jhopkins1@ycp.edu|STUDENT|Joseph|Hopkins|CS|SOPHOMORE
lhurd|password|lhurd@ycp.edu|STUDENT|Liam|Hurd|CS|JUNIOR
kjones65|password|kjones65@ycp.edu|STUDENT|Kyle|Jones|CS|JUNIOR
tjones50|password|tjones50@ycp.edu|STUDENT|Travis|Jones|CE|SOPHOMORE
dkiley|password|dkiley@ycp.edu|STUDENT|Alaska|Kiley|CS|SOPHOMORE
blinne|password|blinne@ycp.edu|STUDENT|Benjamin|Linne|CE|SOPHOMORE
jmajeski|password|jmajeski@ycp.edu|STUDENT|Jacob|Majeski|CS|JUNIOR
dmcclellan|password|dmcclellan@ycp.edu|STUDENT|Derek|McClellan|CS|SOPHOMORE
amcdevitt|password|amcdevitt@ycp.edu|STUDENT|Alyssa|McDevitt|CS|SOPHOMORE
emoore13|password|emoore13@ycp.edu|STUDENT|Ezra|Moore|CS|SOPHOMORE
mmorri22|password|mmorri22@ycp.edu|STUDENT|Melissa|Morrison|CS|JUNIOR
amutzaba|password|amutzaba@ycp.edu|STUDENT|Alex|Mutzabaugh|CS|SENIOR
rpim|password|rpim@ycp.edu|STUDENT|Rathana|Pim|CS|SOPHOMORE
jporter7|password|jporter7@ycp.edu|STUDENT|Jason|Porter|CS|SOPHOMORE
mritchie1|password|mritchie1@ycp.edu|STUDENT|Matthew|Ritchie|CS|SOPHOMORE
aroby|password|aroby@ycp.edu|STUDENT|Aaron|Roby|EE|SENIOR|
bruser|password|bruser@ycp.edu|STUDENT|Bradley|Ruser|CS|SOPHOMORE
nrussel|password|nrussel@ycp.edu|STUDENT|Nathaniel|Russell|CS|JUNIOR
gruths|password|gruths@ycp.edu|STUDENT|Garrett|Ruth|CS|JUNIOR
mslater|password|mslater@ycp.edu|STUDENT|Mitchell|Slater|EE|SENIOR
cspath1|password|cspath1@ycp.edu|STUDENT|Cody|Spath|CS|SOPHOMORE|
rstevenson|password|rstevenson@ycp.edu|STUDENT|Ronald|Stevenson|CS|JUNIOR
rvandemark|password|rvandemark@ycp.edu|STUDENT|Robert|Van De Mark|CE|SENIOR
rvincent|password|rvincent@ycp.edu|STUDENT|Ryan|Vincent|CS|SOPHOMORE
wweaver|password|wweaver1@ycp.edu|STUDENT|Andy|Weaver|CS|SOPHOMORE
dwebb4|password|dwebb4@ycp.edu|STUDENT|Darren|Webb|CE|SOPHOMORE
cwells|password|cwells@ycp.edu|STUDENT|Chase|Wells|CS|SENIOR
cwolf11|password|cwolf11@ycp.edu|STUDENT|Corey|Wolf|EE|SOPHOMORE
dbabcock|password|dbabcock@ycp.edu|FACULTY|David|Babcock|CS
wblandin|password|wblandin@ycp.edu|FACULTY|Wanye|Blanding|CE
ecelik|password|ecelik@ycp.edu|FACULTY|Emine|Celik|ME
tericson|password|tericson@ycp.edu|FACULTY|Tristan|Ericson|ME
jbforsyth|password|jbforsyth@ycp.edu|FACULTY|Jason|Forsyth|CE
lgarriso|password|lgarriso@ycp.edu|FACULTY|Laura|Garrison|ME
garrison|password|garrison@ycp.edu|FACULTY|Tim|Garrison|CS
djhake2|password|djhake2@ycp.edu|FACULTY|Don|Hake|CS
shamilton|password|shamilton@ycp.edu|FACULTY|Scott|Hamilton|CIV
dhovemey|password|dhovemey@ycp.edu|FACULTY|David|Hovemeyer|CS
jkearns|password|jkearns@ycp.edu|FACULTY|James|Kearns|EE
skiefer|password|skiefer@ycp.edu|FACULTY|Scott|Kiefer|ME
skuchnic|password|skuchnic@ycp.edu|FACULTY|Stephen|Kuchnicki|ME
kmeah|password|kmeah@ycp.edu|FACULTY|Kala|Meah|EE
jmoscola|password|jmoscola@ycp.edu|FACULTY|James|Moscola|CS
iruzybayev|password|iruzybayev@ycp.edu|FACULTY|Inci|Ruzybayev|ME
swilkerson|password|swilkerson@ycp.edu|FACULTY|Stephen|Wilkerson|ME
Business1|password|Business1@business1.com|BUSINESS|Business1 Inc.|123 Fake Address Street|717-777-7776
Business2|password|Business2@business2.com|BUSINESS|Business2 Inc.|89 Fake Address Street|717-486-1473
Business3|password|Business3@business3.com|BUSINESS|Business3 Inc.|45 Fake Address Drive|717-843-1437
Business4|password|Business4@business4.com|BUSINESS|Business4 Inc.|3 Fake Address Boulevard|717-486-1279
Business5|password|Business5@business5.com|BUSINESS|Business5 Inc.|465 Fake Address Lane|717-473-1754
Business6|password|Business6@business6.com|BUSINESS|Business6 Inc.|1465 Fake Address Court|717-478-1273
Business7|password|Business7@business7.com|BUSINESS|Business7 Inc.|14 Fake Address Avenue|717-473-9714
Business8|password|Business8@business8.com|BUSINESS|Business8 Inc.|97 Fake Address Road|717-479-9741
Business9|password|Business9@business9.com|BUSINESS|Business9 Inc.|1394 Fake Address Street|717-497-2371
Business10|password|Business10@business10.com|BUSINESS|Business10 Inc.|234 Fake Address Drive|717-443-4971
